{
    "train_losses": [
        0.3311025477945805,
        0.2580406334251165,
        0.24935537874698638,
        0.2494479406625032,
        0.2446386549621821,
        0.23891208134591577,
        0.23545825146138671,
        0.23334122188389306,
        0.23157402202486993,
        0.23097679540514948,
        0.22965651266276838,
        0.2279988754540681,
        0.2252659019082784,
        0.23075718544423582,
        0.22042946666479107,
        0.2175857376307249,
        0.23138154372572903,
        0.2148762170225382,
        0.20450074784457684,
        0.18341206908226015,
        0.18415100909769533,
        0.15309478472918273,
        0.16318507660180329,
        0.13808828350156543,
        0.1476208135485649,
        0.1367737855762243,
        0.12278272062540056,
        0.12074599582701918,
        0.12717913985252383,
        0.11380655225366354,
        0.10777565222233532,
        0.11400082632899285,
        0.10741647323593499,
        0.10259525040164587,
        0.10098793460056182,
        0.09885876644402741,
        0.09662455990910529,
        0.09353997651487593,
        0.08443967616185545,
        0.08745049806311726
    ],
    "valid_losses": [
        0.2796917945146561,
        0.24814469665288924,
        0.24695666581392287,
        0.24616666734218595,
        0.2359909474849701,
        0.23352070450782775,
        0.23184425830841066,
        0.23083808422088622,
        0.22769226282835006,
        0.2298922762274742,
        0.22432512640953062,
        0.2233591005206108,
        0.22617729008197782,
        0.22536386102437972,
        0.2158957704901695,
        0.2139798760414124,
        0.22501860558986664,
        0.20002583116292955,
        0.1783656433224678,
        0.1718397706747055,
        0.17503177225589753,
        0.18247137963771817,
        0.16705020219087602,
        0.1518269933760166,
        0.12910837456583976,
        0.12397870272397996,
        0.10791416466236112,
        0.11407328099012375,
        0.09502154663205147,
        0.09241807907819748,
        0.10101635381579399,
        0.11111270934343338,
        0.0873119994997978,
        0.08650767505168916,
        0.08282367736101151,
        0.09528300687670707,
        0.07984276972711085,
        0.07939748167991638,
        0.08069048076868057,
        0.07597337029874325
    ],
    "train_accs": [
        0.16440263241529457,
        0.1852097496390342,
        0.21734557002782828,
        0.2197703093290329,
        0.234407365322113,
        0.2699046686291694,
        0.2809954881668091,
        0.2893303006887436,
        0.29086782336235045,
        0.29425460845232,
        0.2971391305327416,
        0.2988944247364998,
        0.3071509510278701,
        0.2918786212801934,
        0.3141623005270959,
        0.3186135709285737,
        0.2822436019778251,
        0.3251286581158639,
        0.35847023576498027,
        0.4242151394486427,
        0.4316934883594513,
        0.5304765895009043,
        0.5073110848665239,
        0.579075925052166,
        0.5610801398754118,
        0.5964393362402914,
        0.6313399389386177,
        0.6453021630644797,
        0.6272741466760636,
        0.6686231151223182,
        0.6859017819166182,
        0.6726486638188361,
        0.6889343306422235,
        0.705520537495613,
        0.7097831204533576,
        0.7176535546779634,
        0.7211639672517776,
        0.7326536044478416,
        0.7622607052326204,
        0.7538181483745576
    ],
    "valid_accs": [
        0.1108299732208252,
        0.21328859329223632,
        0.2249312460422516,
        0.22647876143455506,
        0.2758495032787323,
        0.2880422234535217,
        0.29001353979110717,
        0.29935115575790405,
        0.3080332040786743,
        0.30247251987457274,
        0.3095801293849945,
        0.3277054250240326,
        0.34507694244384773,
        0.2913516819477081,
        0.30598443150520327,
        0.3359371364116669,
        0.30220542550086976,
        0.3641317307949066,
        0.4374451100826264,
        0.4931846737861633,
        0.47430154085159304,
        0.5083955705165862,
        0.4661335110664368,
        0.533413314819336,
        0.5967398405075073,
        0.6184897124767302,
        0.6674367666244507,
        0.6631262600421904,
        0.7146841704845428,
        0.7232581853866578,
        0.6988281548023224,
        0.6713067710399626,
        0.7415899991989136,
        0.7451169431209564,
        0.7608263671398163,
        0.7268308341503142,
        0.7687121570110321,
        0.7703708171844481,
        0.7689869046211242,
        0.7832402586936951
    ]
}