{
    "train_losses": [
        205367.98769925602,
        0.3138570442795754,
        0.2933055736124516,
        0.2823414832353591,
        0.27669022902846335,
        0.2738366059958935,
        0.27235928103327756,
        0.2716688126325607,
        0.2712980680167675,
        0.2711128249764443,
        0.2710430771112442,
        0.27102796584367755,
        0.2709775276482106,
        0.27099650651216506,
        0.27097178101539615,
        0.27097877264022824,
        0.27097937762737273,
        0.2709547489881515,
        0.27097975462675095,
        0.2709987200796604,
        0.27096295505762097,
        0.270981066673994,
        0.2709840327501297,
        0.27096841782331466,
        0.27095927298069,
        0.2710053727030754,
        0.2709944002330303,
        0.27095160409808156,
        0.2709991827607155,
        0.27100441753864296,
        0.27097252979874603,
        0.27099825963377955,
        0.27098038643598554,
        0.2709959529340268,
        0.27095982655882833,
        0.2710043631494046,
        0.2709732368588448,
        0.2709574349224567,
        0.270971716940403,
        0.2709866441786289
    ],
    "valid_losses": [
        0.32848830223083497,
        0.30135243237018583,
        0.28651863634586333,
        0.2788670927286148,
        0.2748918324708938,
        0.27288022041320803,
        0.2718797892332077,
        0.27134929597377777,
        0.27111189663410185,
        0.27100875675678254,
        0.2709488242864609,
        0.2709218353033066,
        0.2709084749221802,
        0.27090442180633545,
        0.27090469598770145,
        0.2709012389183044,
        0.27089977264404297,
        0.2709007352590561,
        0.27089995741844175,
        0.2708998411893844,
        0.27090022861957547,
        0.2709000498056412,
        0.27090036273002627,
        0.27089985013008117,
        0.27089954912662506,
        0.2708998769521713,
        0.2709003001451492,
        0.2708993911743164,
        0.27090056538581847,
        0.2708995848894119,
        0.2709006726741791,
        0.27089945673942567,
        0.27090063393116,
        0.2708997935056686,
        0.2708995908498764,
        0.2708995312452316,
        0.27089948952198023,
        0.2708995431661606,
        0.27090062499046325,
        0.27089940607547763
    ],
    "train_accs": [
        0.15557246953248977,
        0.18380300551652912,
        0.1759225413203239,
        0.16847640573978426,
        0.16155694127082823,
        0.15551258176565166,
        0.15096805542707442,
        0.14686707258224488,
        0.1441733941435814,
        0.142374549806118,
        0.14084841459989547,
        0.1397445723414421,
        0.1390280798077583,
        0.1385419651865959,
        0.13856751769781112,
        0.1382960617542267,
        0.13781335204839704,
        0.1382480338215828,
        0.13792334049940108,
        0.13794762939214705,
        0.13798146843910217,
        0.1379351928830147,
        0.1379504010081291,
        0.13784420043230058,
        0.1380778908729553,
        0.1377672404050827,
        0.1380336254835129,
        0.13784163743257524,
        0.1377557992935181,
        0.13768866509199149,
        0.13812982141971591,
        0.13761511296033863,
        0.13803281038999562,
        0.13783704489469525,
        0.1381160199642181,
        0.13766393363475798,
        0.1380024716258049,
        0.13771034181118008,
        0.13842928260564805,
        0.13771626651287083
    ],
    "valid_accs": [
        0.18649776577949526,
        0.17929513454437257,
        0.17154096961021423,
        0.16425889730453488,
        0.1578256785869598,
        0.15254559516906738,
        0.14844332933425902,
        0.14508061408996584,
        0.14276267886161803,
        0.14127894043922423,
        0.14001792669296265,
        0.139158695936203,
        0.13850803375244142,
        0.13821228146553038,
        0.1382361650466919,
        0.1378744661808014,
        0.1375939667224884,
        0.13779491782188416,
        0.13764671683311464,
        0.13761194944381713,
        0.1377034902572632,
        0.13767014145851136,
        0.13773672580718993,
        0.13761537075042726,
        0.137491512298584,
        0.1376129448413849,
        0.13772414922714232,
        0.13731698393821717,
        0.13776865601539612,
        0.1375316262245178,
        0.13779125809669493,
        0.13741883635520935,
        0.13778014779090883,
        0.1375904858112335,
        0.1375328004360199,
        0.13748455047607422,
        0.13747405409812924,
        0.13751133680343627,
        0.1377799391746521,
        0.13741127252578736
    ]
}