{
    "train_losses": [
        0.34144992679357533,
        0.2602158159017563,
        0.2526900079101324,
        0.2505741443485021,
        0.2406371582299471,
        0.22511764727532863,
        0.2074528787285089,
        0.19708489142358307,
        0.1785300612449646,
        0.1647453036159277,
        0.15016124304383993,
        0.14918640665709973,
        0.13978121466934681,
        0.14606664832681418,
        0.1387716231867671,
        0.17035585530102257,
        0.15143684335052965,
        0.13229647688567642,
        0.12738586999475957,
        0.13782884944230323,
        0.1287465814501047,
        0.13211460020393134,
        0.12879321742802854,
        0.13111335989087822,
        0.12079847324639559,
        0.1338343283161521,
        0.1307982044294477,
        0.12705160230398177,
        0.12964284010231497,
        0.11995647791773081,
        0.11757443882524966,
        0.12230738811194895,
        0.1245224891230464,
        0.12697992213070391,
        0.11178910192102194,
        0.11388336792588234,
        0.1281772194430232,
        0.11765518486499785,
        0.112301030009985,
        0.12148091234266757
    ],
    "valid_losses": [
        0.2916824400424957,
        0.25218586027622225,
        0.25010109841823575,
        0.247894623875618,
        0.2364735633134842,
        0.2394550397992134,
        0.24611438065767288,
        0.22037949115037916,
        0.3269149571657181,
        0.2132453292608261,
        0.23355640619993212,
        0.24853279739618303,
        0.2036408245563507,
        0.3020607143640518,
        0.30328310132026676,
        0.2978064358234405,
        0.22420956790447233,
        0.2567680850625038,
        0.24889845103025435,
        0.24056572020053865,
        0.23953189551830292,
        0.1920340642333031,
        0.22678787112236024,
        0.234962560236454,
        0.2047041535377502,
        0.2506078973412514,
        0.2225812256336212,
        0.18715776652097704,
        0.18581412732601166,
        0.18906611651182173,
        0.18777381479740146,
        0.17756002098321913,
        0.2511772602796554,
        0.1883931413292885,
        0.19447805583477024,
        0.19852796643972398,
        0.23748999536037443,
        0.18449683636426925,
        0.1302364334464073,
        0.15704955756664274
    ],
    "train_accs": [
        0.09030088186264038,
        0.09983153492212293,
        0.12564726918935773,
        0.13285403549671174,
        0.16485212892293927,
        0.2197535291314125,
        0.26885724067687994,
        0.3203968524932862,
        0.3769501864910126,
        0.4564653679728508,
        0.49496518224477776,
        0.5032103210687637,
        0.5351851865649223,
        0.5167997106909752,
        0.5362301111221314,
        0.4599292799830435,
        0.49475301802158356,
        0.5605170860886575,
        0.5814951017498972,
        0.5458491697907447,
        0.5740003764629363,
        0.5667235106229782,
        0.5772825837135315,
        0.5691434741020203,
        0.6031384006142615,
        0.5613829642534255,
        0.5688515424728391,
        0.5805915191769598,
        0.5734311401844026,
        0.6082581892609596,
        0.6148095667362214,
        0.600301818549633,
        0.5938523873686788,
        0.5833453506231308,
        0.6331435844302177,
        0.6301701426506043,
        0.5799606665968895,
        0.6155210733413694,
        0.6311021313071251,
        0.6049648478627204
    ],
    "valid_accs": [
        0.06708647012710572,
        0.18271793127059938,
        0.19162439703941345,
        0.20159552693367006,
        0.2682879209518433,
        0.23882630467414856,
        0.1922060608863831,
        0.27639912962913515,
        0.029825246334075926,
        0.33874139189720154,
        0.2532917141914368,
        0.21703706383705137,
        0.3537562251091004,
        0.08240298032760619,
        0.06716241240501404,
        0.09903162717819212,
        0.28773193359375004,
        0.22941905856132508,
        0.2374923229217529,
        0.2402990698814392,
        0.2664429068565369,
        0.3975488603115082,
        0.30712993741035466,
        0.2827600300312042,
        0.36818777918815615,
        0.2381020963191986,
        0.3257013976573944,
        0.41751822829246515,
        0.4339172482490539,
        0.4245858252048492,
        0.4262556791305542,
        0.46527820229530337,
        0.24870746135711672,
        0.42102249860763546,
        0.4155908346176147,
        0.40524564981460576,
        0.2878305196762085,
        0.43297171592712397,
        0.6004345417022705,
        0.5266598880290985
    ]
}