{
    "train_losses": [
        0.36176119968295095,
        0.35925533547997474,
        0.354213547706604,
        0.3149590186774731,
        0.28115099295973783,
        0.2659626089036464,
        0.25229293927550317,
        0.250247848406434,
        0.2496890056878328,
        0.24909945987164978,
        0.2484635051339865,
        0.2477061353623867,
        0.24652586616575717,
        0.24616923592984674,
        0.24426158368587494,
        0.24303597547113898,
        0.24256772957742223,
        0.2406372122466564,
        0.24016583673655983,
        0.23943474255502228,
        0.23794336393475526,
        0.23837514109909536,
        0.23710995130240925,
        0.236852851882577,
        0.23666122183203692,
        0.23549294695258136,
        0.23557608090341092,
        0.2355844985693693,
        0.23443910926580425,
        0.2331792112439871,
        0.23413976132869718,
        0.23346331156790257,
        0.2335101284086704,
        0.23295381776988505,
        0.23414382860064506,
        0.23269983045756815,
        0.23222382590174676,
        0.2338655661791563,
        0.23196442984044552,
        0.2314387325197458
    ],
    "valid_losses": [
        0.3609214067459106,
        0.3574731975793838,
        0.34891541898250583,
        0.2888046562671661,
        0.2745491981506348,
        0.25489653646945953,
        0.2500523254275322,
        0.249686273932457,
        0.2477470174431801,
        0.24677099287509915,
        0.24563518315553667,
        0.24447830617427826,
        0.24388686716556549,
        0.24181229025125503,
        0.2391849160194397,
        0.2397042825818062,
        0.23829008638858798,
        0.23769287914037707,
        0.23630428314208984,
        0.23617308735847475,
        0.23651021420955656,
        0.23447434902191164,
        0.23267599493265154,
        0.23393750339746477,
        0.23276685923337934,
        0.23167614787816998,
        0.23256156891584395,
        0.23082531392574313,
        0.23082351088523861,
        0.23070425093173982,
        0.23098906725645063,
        0.2301156550645828,
        0.2302940011024475,
        0.2366925358772278,
        0.2305214777588844,
        0.22994408011436462,
        0.22995117008686067,
        0.2307070881128311,
        0.23027397096157073,
        0.2291289806365967
    ],
    "train_accs": [
        0.1918538182973862,
        0.19134177863597873,
        0.19017003476619718,
        0.14897707849740982,
        0.12525172680616375,
        0.15591287165880202,
        0.20766607969999312,
        0.2156034663319588,
        0.21847220808267592,
        0.22116413116455083,
        0.22186086624860762,
        0.22367791235446927,
        0.2278172701597214,
        0.23576446175575255,
        0.23855303078889853,
        0.24335013329982758,
        0.24550649225711824,
        0.25379271358251576,
        0.25410916507244113,
        0.256897759437561,
        0.26317865401506424,
        0.2630697160959244,
        0.26714801043272024,
        0.26954088658094405,
        0.27119960337877275,
        0.2760869309306145,
        0.274695000052452,
        0.27712123990058896,
        0.2801926553249359,
        0.28389196842908854,
        0.28162912875413887,
        0.2848597124218941,
        0.2848293289542198,
        0.28962036669254304,
        0.28420495092868797,
        0.29043427407741546,
        0.2917410448193549,
        0.2865404695272446,
        0.2963888123631477,
        0.295624466240406
    ],
    "valid_accs": [
        0.19086700677871704,
        0.19009065628051758,
        0.18779838085174563,
        0.13151105642318725,
        0.13718403577804564,
        0.18613393306732176,
        0.2044560849666595,
        0.2291137039661407,
        0.22712881565093992,
        0.22323148250579838,
        0.22895345687866211,
        0.23857976794242858,
        0.2517887532711029,
        0.2420548975467682,
        0.2598757266998291,
        0.26382861733436586,
        0.26626213192939757,
        0.2637193500995636,
        0.2632691562175751,
        0.262252801656723,
        0.27459375858306884,
        0.27000007629394535,
        0.2824845194816589,
        0.27880249023437503,
        0.27933035492897035,
        0.2867379903793335,
        0.28657692670822144,
        0.2886594533920288,
        0.28962247371673583,
        0.28914207220077515,
        0.288704115152359,
        0.29700672626495367,
        0.2910861372947693,
        0.29187368154525756,
        0.2917307436466217,
        0.2960566759109497,
        0.3004250466823578,
        0.30352894067764274,
        0.2931912064552307,
        0.3076680421829223
    ]
}