{
    "train_losses": [
        0.010878495236787175,
        0.009139179429609026,
        0.008649566175699615,
        0.008269342218935074,
        0.007857337911980244,
        0.007409289187803371,
        0.007003850169124796,
        0.006736197844041693,
        0.006603536904812029,
        0.006483290094755079,
        0.0063288434140998905,
        0.006253248892703317,
        0.006130525237545478,
        0.006121049446330679,
        0.006024368186474672
    ],
    "valid_losses": [
        0.009321868460908342,
        0.008816583818885716,
        0.008594975771406027,
        0.008640988706316372,
        0.007804338779017518,
        0.007505528729031735,
        0.006907885287051338,
        0.006642325003218799,
        0.006778444204762389,
        0.006437555191260349,
        0.006641652995036746,
        0.006741697970730595,
        0.00622399571009829,
        0.006207105102418341,
        0.006074357984139571
    ],
    "train_accs": [
        0.47208392603129434,
        0.5593105440967282,
        0.5826924786628734,
        0.599873310810811,
        0.6189211415362733,
        0.6388024537695594,
        0.6571057076813656,
        0.6666851884779511,
        0.674508801564722,
        0.6793985597439548,
        0.6874222083926034,
        0.6906005512091041,
        0.69689055832148,
        0.69882423541963,
        0.7019358997155049
    ],
    "valid_accs": [
        0.5585838609103918,
        0.5737341774415367,
        0.5765229433397703,
        0.5839596518987342,
        0.6301226268840738,
        0.6295292724536943,
        0.6625395568111275,
        0.6719541142258462,
        0.6678797466845451,
        0.6854825947858112,
        0.6740308547321753,
        0.664378956148896,
        0.7005537974683541,
        0.6941653482521638,
        0.6997033229357081
    ],
    "test_loss": 0.008643539377341143,
    "test_acc": 0.648665935846797
}