{
    "train_losses": [
        9.580747600502414e+25,
        1.9312185315954013e+26,
        3.262032603100402e+26,
        3.9924426457076414e+26,
        3.812893706459779e+26,
        3.633551716621993e+26,
        4.031355166887416e+26,
        3.04421903613565e+26,
        8.028261456574762e+25,
        1.2014907925462731e+26,
        2.547369867991041e+26,
        2.4219930162841547e+26,
        2.2946316730731896e+26,
        2.1780714403904893e+26,
        2.069527277238506e+26,
        1.9641073515082546e+26,
        1.861394250274832e+26,
        1.7692546590296063e+26,
        1.678229465569833e+26,
        1.593426845418997e+26,
        1.5122004678716133e+26,
        1.4354175397308633e+26,
        1.3617046386426962e+26,
        1.2907506279865071e+26,
        1.2238479558273901e+26,
        1.1584478516775822e+26,
        1.098583877137476e+26,
        1.0400134505495797e+26,
        9.855979870435897e+25,
        9.313832598536886e+25,
        8.809153649918273e+25,
        8.33000720870696e+25,
        7.874524539023783e+25,
        3.730570018655378e+22,
        2.2753638755739235e+22,
        1.659514339751293e+22,
        1.3475706763446275e+22,
        7.670917005673606e+21,
        6.758006201925685e+21,
        5.611742326426734e+21
    ],
    "valid_losses": [
        7.895486070070986e+25,
        1.6813031704420163e+26,
        4.027684089572679e+26,
        3.9465678898159634e+26,
        3.759578742270504e+26,
        3.580862627400709e+26,
        4.671642880394356e+26,
        8.531718792625525e+25,
        7.684987045265671e+25,
        2.594960876669536e+26,
        2.514224716734226e+26,
        2.3835121765858207e+26,
        2.261766248243508e+26,
        2.1469792987627698e+26,
        2.0375821558589765e+26,
        1.9342058918702614e+26,
        1.836026905790594e+26,
        1.742440079850751e+26,
        1.6538158431184777e+26,
        1.5695971500396085e+26,
        1.4896620584124437e+26,
        1.4135271159682994e+26,
        1.3408394180463022e+26,
        1.2708403330730474e+26,
        1.2035347402123432e+26,
        1.1401361308529632e+26,
        1.0802937401563449e+26,
        1.0234463259340458e+26,
        9.67889547384236e+25,
        9.150438914226248e+25,
        8.654943365855927e+25,
        8.18230356397723e+25,
        1.7336784319978035e+22,
        9.584137388604917e+21,
        7.062392263615045e+21,
        6.321900167193635e+21,
        5.898243932529609e+21,
        5.503491687684056e+21,
        4.880623283397919e+21,
        3.938894677469393e+21
    ],
    "train_accs": [
        0.004240788519382477,
        3.612637519836425e-05,
        0.0005534648895263671,
        0.0008482009172439573,
        0.004863384366035461,
        0.006328649818897248,
        0.006827229261398317,
        0.03110772371292114,
        0.07538633793592454,
        0.06899439096450806,
        0.022832445800304413,
        0.01969716995954513,
        0.020571528375148775,
        0.021487322449684147,
        0.022481615841388705,
        0.02310003042221069,
        0.023169811069965365,
        0.023864173889160154,
        0.02342198789119721,
        0.02387922555208207,
        0.024514673650264746,
        0.024398568272590637,
        0.024764101207256316,
        0.024675634503364567,
        0.024684719741344452,
        0.024986016750335693,
        0.025001163780689242,
        0.025171242654323574,
        0.02518582344055176,
        0.025719711184501653,
        0.026675225794315336,
        0.026235152781009668,
        0.02783266454935075,
        0.13709971010684968,
        0.14186556637287137,
        0.1431639701128006,
        0.14334950745105743,
        0.14380970746278754,
        0.14403943717479706,
        0.14478266686201097
    ],
    "valid_accs": [
        3.61323356628418e-05,
        3.61323356628418e-05,
        5.340576171875e-05,
        0.0010250449180603028,
        0.0015089571475982665,
        0.0017191052436828613,
        0.00246891975402832,
        0.06381505727767944,
        0.07269723415374756,
        0.017065757513046266,
        0.01382191777229309,
        0.014680027961730957,
        0.01505589485168457,
        0.015939795970916746,
        0.017144119739532473,
        0.01724503040313721,
        0.01772826910018921,
        0.017432725429534914,
        0.017966216802597048,
        0.017789405584335328,
        0.018526923656463624,
        0.01862637996673584,
        0.01878239512443542,
        0.019163036346435548,
        0.019171166419982906,
        0.019654464721679688,
        0.019784688949584957,
        0.02010708451271057,
        0.020944744348526,
        0.021692383289337158,
        0.021556055545806883,
        0.022323375940322878,
        0.17470625042915341,
        0.14843688011169434,
        0.14134917855262757,
        0.14343905448913574,
        0.14111229777336123,
        0.14899202585220336,
        0.1403852343559265,
        0.14360724091529847
    ]
}