{
    "train_losses": [
        0.3308939732611178,
        0.25818648189306254,
        0.248078054189682,
        0.24544729888439176,
        0.2340715155005455,
        0.2213531121611595,
        0.20376716703176498,
        0.1923593636602163,
        0.1752429125830531,
        0.15560552012175322,
        0.14790849033743145,
        0.14281364008784297,
        0.13009006194770337,
        0.13684793822467328,
        0.12671387884765864,
        0.13860277608036994,
        0.12515441421419385,
        0.11770385280251502,
        0.12442092318087816,
        0.1302360210567713,
        0.12283693458884952,
        0.11117285527288914,
        0.11743330871686343,
        0.10250177159905434,
        0.12042653728276487,
        0.10924619883298875,
        0.10368877835571763,
        0.10813393509015445,
        0.11874375604093076,
        0.10054141180589792,
        0.09779052129015328,
        0.10596111584454777,
        0.0970309292431921,
        0.09926774650812148,
        0.10045067109167578,
        0.10035355491563679,
        0.09870863482356072,
        0.10019005853682755,
        0.09711896022781728,
        0.09967573694884775
    ],
    "valid_losses": [
        0.27951578199863436,
        0.24773839265108108,
        0.24631843119859698,
        0.24531324952840808,
        0.23837579488754274,
        0.22914754897356032,
        0.21550319343805316,
        0.27494165003299714,
        0.23011772483587264,
        0.20063014924526212,
        0.20340244323015214,
        0.19816367328166962,
        0.15480175912380217,
        0.21919422596693042,
        0.20781881213188172,
        0.19377847164869308,
        0.19296291619539263,
        0.1795132637023926,
        0.14880881905555726,
        0.1729415625333786,
        0.14808258041739464,
        0.16055240929126738,
        0.14781365245580674,
        0.1271108604967594,
        0.15630179122090343,
        0.13981744498014448,
        0.1347867675125599,
        0.13288451731204987,
        0.13456897512078284,
        0.11805926635861397,
        0.123111355304718,
        0.14020250514149663,
        0.11446607112884521,
        0.1343996323645115,
        0.1191290982067585,
        0.10712821707129479,
        0.14630029946565629,
        0.11315553486347198,
        0.11014904454350473,
        0.11316359862685205
    ],
    "train_accs": [
        0.1646090671420097,
        0.18528406322002414,
        0.21899800449609755,
        0.22447629570961,
        0.2533688232302666,
        0.302123436331749,
        0.3490223079919815,
        0.41065109223127366,
        0.4458668455481529,
        0.5294428259134293,
        0.5509218811988831,
        0.5685124635696411,
        0.6115062043070796,
        0.5978767767548562,
        0.6269610270857812,
        0.5926082938909529,
        0.6374963089823721,
        0.6556836321949958,
        0.635348758101463,
        0.6225287824869157,
        0.6441724956035613,
        0.6785385608673095,
        0.6750342324376105,
        0.7048532426357269,
        0.6605550423264503,
        0.680196389555931,
        0.7068391770124433,
        0.6919968172907829,
        0.6560299590229989,
        0.7126782193779946,
        0.7228259757161142,
        0.6992774665355682,
        0.7285034388303757,
        0.7207930997014046,
        0.7147125765681266,
        0.7142210766673088,
        0.7257383942604062,
        0.711787897348404,
        0.7301561817526819,
        0.7199588671326637
    ],
    "valid_accs": [
        0.11296917796134948,
        0.21470959782600404,
        0.22834178209304812,
        0.24074292182922363,
        0.2829468369483948,
        0.29465411901474003,
        0.3255164206027985,
        0.12396743297576907,
        0.24272116422653198,
        0.34195358753204347,
        0.32803552746772763,
        0.35884466767311096,
        0.493497896194458,
        0.29045725464820865,
        0.3298771977424622,
        0.3809022903442384,
        0.37739727497100833,
        0.4202240824699402,
        0.5175065696239473,
        0.4461310803890228,
        0.5224231958389282,
        0.4889144718647003,
        0.5203742384910583,
        0.5862102508544922,
        0.49552916288375853,
        0.5519627869129181,
        0.5682361960411071,
        0.5872585833072662,
        0.5684863269329071,
        0.6249912500381469,
        0.6178080976009369,
        0.5570872902870178,
        0.6466942250728607,
        0.5732469022274018,
        0.6253363370895386,
        0.6613359212875366,
        0.5509611129760743,
        0.643508094549179,
        0.6518998086452484,
        0.6496346712112426
    ]
}