{
    "train_losses": [
        0.3414314664900303,
        0.25941736400127413,
        0.25345961265265937,
        0.25277232415974143,
        0.24674410074949268,
        0.23983427733182902,
        0.24048045761883263,
        0.23791685067117213,
        0.23619962744414805,
        0.2349422972649336,
        0.23441645726561547,
        0.2350205149501562,
        0.23108068443834778,
        0.22549676448106765,
        0.21674268729984755,
        0.17749097142368553,
        0.18438978027552363,
        0.1366581240668893,
        0.12481135465204715,
        0.11910703219473362,
        0.12240288238972424,
        0.1212046016007662,
        0.11608587261289356,
        0.1085353714879602,
        0.11846096049994229,
        0.11323156263679267,
        0.1177137283608317,
        0.11664189156144857,
        0.11383966896682977,
        0.10862739812582732,
        0.10546039771288634,
        0.10951532181352375,
        0.10740129258483647,
        0.10098407156765461,
        0.10704437997192146,
        0.10259553529322148,
        0.10409696642309427,
        0.10270582325756551,
        0.10038585737347602,
        0.09913996197283267
    ],
    "valid_losses": [
        0.291155469417572,
        0.25363726615905763,
        0.24992097169160843,
        0.2520694553852082,
        0.24344993680715563,
        0.2449871003627777,
        0.24373688846826555,
        0.23279462456703187,
        0.2429701030254364,
        0.22872520387172696,
        0.2369172289967537,
        0.2395615935325623,
        0.2301257163286209,
        0.21829937994480134,
        0.22475514709949493,
        0.15034736394882203,
        0.1449257604777813,
        0.1530655086040497,
        0.1196086697280407,
        0.14650899320840835,
        0.09940150454640388,
        0.16167499497532842,
        0.10989066660404204,
        0.11672724708914757,
        0.09783738702535631,
        0.121818395704031,
        0.098072911798954,
        0.14814810305833817,
        0.10581331625580787,
        0.08549541532993318,
        0.10951267555356024,
        0.11657736375927924,
        0.09448909908533096,
        0.11198132783174516,
        0.09455840587615967,
        0.08714066743850708,
        0.07923881709575653,
        0.08604794666171074,
        0.08360935188829899,
        0.09673548936843873
    ],
    "train_accs": [
        0.08970722556114197,
        0.1022383898496628,
        0.12443355917930604,
        0.13086250722408296,
        0.1529245674610138,
        0.18490253835916526,
        0.1874037146568298,
        0.19452029168605806,
        0.19859019964933397,
        0.2040178492665291,
        0.2039976999163628,
        0.1989795982837678,
        0.20858273208141323,
        0.2206335812807083,
        0.2487255468964577,
        0.3815467119216918,
        0.38371384143829346,
        0.5382080852985383,
        0.5837074831128122,
        0.6056354627013206,
        0.6005614176392555,
        0.6009535789489747,
        0.6184641867876052,
        0.6445128321647645,
        0.6117496877908706,
        0.6286522775888442,
        0.6166791960597039,
        0.6210582435131073,
        0.6237578690052031,
        0.6425782874226571,
        0.6540028572082519,
        0.6444018214941026,
        0.6476109415292742,
        0.6702281177043914,
        0.6514442145824432,
        0.6640261113643646,
        0.6587505087256433,
        0.6648064523935315,
        0.671984986960888,
        0.6753993108868599
    ],
    "valid_accs": [
        0.06810244917869568,
        0.17688660025596617,
        0.19397699236869811,
        0.19235377311706545,
        0.24031184911727907,
        0.23374027609825132,
        0.26414378881454464,
        0.2747620284557343,
        0.25163157582283024,
        0.2849717915058136,
        0.2640925943851471,
        0.25094282627105713,
        0.27659949064254763,
        0.31052616834640506,
        0.2696912407875061,
        0.5280838072299958,
        0.5379367709159851,
        0.5391295492649079,
        0.644939935207367,
        0.5755147695541382,
        0.7052295923233032,
        0.5364860773086548,
        0.6801339685916901,
        0.665261721611023,
        0.7143836498260498,
        0.6503917038440704,
        0.7148467600345613,
        0.584428358078003,
        0.6981644451618194,
        0.7521869897842407,
        0.6871120274066925,
        0.6708200991153717,
        0.7290094971656799,
        0.6853658556938172,
        0.7296200633049011,
        0.7514761626720429,
        0.7721386432647704,
        0.7537198781967164,
        0.7611401915550232,
        0.7271296560764313
    ]
}