{
    "train_losses": [
        0.3311021164059638,
        0.2580446992069483,
        0.24937333762645722,
        0.24940141960978507,
        0.2448802925646305,
        0.23904377333819865,
        0.23569415807723998,
        0.23368633687496188,
        0.23191634826362129,
        0.23115643747150896,
        0.22984054870903486,
        0.22876462377607817,
        0.22655757777392865,
        0.22862673960626126,
        0.2171370897442102,
        0.21899658888578413,
        0.21650511547923085,
        0.1964938201010227,
        0.18755207732319829,
        0.16809099894016982,
        0.14202028196305033,
        0.14153167810291054,
        0.1885433848947287,
        0.2166292186826467,
        0.17141030617058273,
        0.13728286139667037,
        0.1289830811321735,
        0.144226929359138,
        0.12454406507313248,
        0.12095400560647249,
        0.10888761729001997,
        0.12314493507146836,
        0.10909817609936,
        0.11177175473421813,
        0.14052053578197957,
        0.09940072912722828,
        0.10332409422844648,
        0.09956816602498295,
        0.09003991996869441,
        0.09328441843390466
    ],
    "valid_losses": [
        0.27969347834587094,
        0.2482806384563446,
        0.246941739320755,
        0.24624403566122055,
        0.2363450199365616,
        0.2333771675825119,
        0.23182757943868637,
        0.23126227110624314,
        0.22811263650655744,
        0.22676731497049332,
        0.22473544925451278,
        0.22414704263210294,
        0.22500152289867403,
        0.22241399437189097,
        0.20681942254304886,
        0.2279891833662987,
        0.19652879536151888,
        0.21386213302612306,
        0.147561027109623,
        0.1368764102458954,
        0.13563614636659624,
        0.12748373970389365,
        0.2493154913187027,
        0.1680047884583473,
        0.14313663318753242,
        0.11829921826720238,
        0.12879861593246458,
        0.14470502212643624,
        0.10414093360304832,
        0.10544364601373672,
        0.11094405204057693,
        0.11395473182201385,
        0.09882375374436378,
        0.11854739412665367,
        0.1003369152545929,
        0.08348197266459467,
        0.08949250280857085,
        0.08466122522950172,
        0.07968597859144211,
        0.07988858073949814
    ],
    "train_accs": [
        0.1643993750214577,
        0.18523170948028558,
        0.21721052974462504,
        0.21964789330959325,
        0.23392347544431688,
        0.269164676964283,
        0.2811896190047264,
        0.28891312330961233,
        0.2899085253477097,
        0.29378391951322547,
        0.2952157050371171,
        0.29583107978105544,
        0.3049364194273949,
        0.29424941092729573,
        0.3251708924770355,
        0.32361479103565216,
        0.3277939021587371,
        0.38790512233972557,
        0.4138324230909347,
        0.48677407056093214,
        0.5694015845656396,
        0.5769834131002426,
        0.4760724827647209,
        0.35182476490736003,
        0.4874451607465744,
        0.5844383239746095,
        0.6157552495598793,
        0.5780950039625168,
        0.6257116407155989,
        0.6472172200679778,
        0.6817465648055077,
        0.6447884842753411,
        0.6838710471987726,
        0.6765454307198524,
        0.5965510234236718,
        0.7111765578389168,
        0.7012342453002931,
        0.7105908140540124,
        0.7438522398471832,
        0.7346070840954781
    ],
    "valid_accs": [
        0.11081125140190125,
        0.2117833137512207,
        0.22424805164337158,
        0.225738912820816,
        0.2739212155342102,
        0.2896679937839508,
        0.2892451584339142,
        0.30102342367172247,
        0.31117414832115176,
        0.31033211946487427,
        0.3109786629676819,
        0.31440356373786926,
        0.34959394931793214,
        0.3075537860393524,
        0.3341459631919861,
        0.33316404819488527,
        0.3670915305614471,
        0.32109346389770504,
        0.5396734714508056,
        0.5686693727970124,
        0.5994655013084412,
        0.6163220643997191,
        0.3328158915042878,
        0.466220360994339,
        0.5604591190814973,
        0.6340274274349212,
        0.60509232878685,
        0.5490532219409944,
        0.6854870617389679,
        0.6778395950794219,
        0.6707472562789916,
        0.6553937256336212,
        0.7067089140415191,
        0.6485190093517303,
        0.696894943714142,
        0.7558294832706451,
        0.7386706352233887,
        0.7498233199119567,
        0.7680467426776886,
        0.7681745409965515
    ]
}