{
    "train_losses": [
        0.33119847699999816,
        0.2579903971403837,
        0.24943535253405572,
        0.249283230677247,
        0.24497457370162012,
        0.23883491754531863,
        0.2350388992577791,
        0.23311422951519484,
        0.23236862458288668,
        0.23095814734697345,
        0.22920122370123866,
        0.2280023321509361,
        0.22235953994095323,
        0.22119559645652773,
        0.21295390315353868,
        0.22443892657756806,
        0.23062710464000702,
        0.22346154414117336,
        0.2199988003820181,
        0.19694693833589552,
        0.20339490026235577,
        0.1642646100372076,
        0.15090907607227563,
        0.13262854125350712,
        0.18282038811594242,
        0.2084764420986175,
        0.15563717614859343,
        0.15412827488034964,
        0.12742333002388478,
        0.11706439908593892,
        0.11175960600376128,
        0.11581080723553895,
        0.1122378125786781,
        0.11401909366250039,
        0.1475028950721025,
        0.11257366891950367,
        0.10456309178844098,
        0.10381564144045113,
        0.09539617532864214,
        0.10433361679315566
    ],
    "valid_losses": [
        0.27975946962833403,
        0.24819788634777068,
        0.24698734283447266,
        0.246217180788517,
        0.2358484148979187,
        0.233310329914093,
        0.23110916167497636,
        0.2306357651948929,
        0.22793529778718946,
        0.22745045572519304,
        0.2241878166794777,
        0.22295227348804475,
        0.21212337017059327,
        0.21477112621068953,
        0.198280756175518,
        0.23115062713623047,
        0.229056578874588,
        0.21448671519756315,
        0.21155101209878924,
        0.2026679188013077,
        0.1753728583455086,
        0.1573087379336357,
        0.12502290159463883,
        0.112558663636446,
        0.22988456934690477,
        0.17806977182626724,
        0.12715246826410295,
        0.14547189995646478,
        0.10033395290374755,
        0.09427566528320312,
        0.09187238588929175,
        0.14137750193476678,
        0.09067448377609252,
        0.10145321637392044,
        0.10509558245539667,
        0.08703335151076318,
        0.08328219056129454,
        0.08375413231551648,
        0.09277444034814834,
        0.08514923341572285
    ],
    "train_accs": [
        0.16425194442272184,
        0.18546278774738306,
        0.21705448329448696,
        0.2201026275753975,
        0.23290830850601194,
        0.2702965646982194,
        0.28298195302486423,
        0.29054268449544907,
        0.288643716275692,
        0.2944882065057755,
        0.2972625255584717,
        0.2972634583711624,
        0.31322620809078217,
        0.3167026683688164,
        0.3355573937296867,
        0.3045648396015168,
        0.3000086069107054,
        0.3114542469382287,
        0.32059650719165794,
        0.3852760270237924,
        0.37070798724889753,
        0.49334322512149814,
        0.5335171461105346,
        0.597816413640976,
        0.4941372528672218,
        0.3739711806178093,
        0.5118441775441169,
        0.5457070693373681,
        0.6175928458571434,
        0.6560266062617301,
        0.6745028346776962,
        0.6683036342263221,
        0.6786169722676278,
        0.6725697204470635,
        0.5867644026875494,
        0.6723421886563302,
        0.6972891241312026,
        0.7008622094988824,
        0.7302552670240401,
        0.7037323713302613
    ],
    "valid_accs": [
        0.11098922491073608,
        0.21318707466125492,
        0.22276728749275207,
        0.2245822608470917,
        0.2774035811424255,
        0.2882339119911194,
        0.29625843167304994,
        0.2988370478153229,
        0.31071792244911195,
        0.31103138327598573,
        0.3266077399253845,
        0.325168776512146,
        0.3354386508464813,
        0.3304836392402649,
        0.3783359706401825,
        0.2987984955310822,
        0.3013995766639709,
        0.3559169888496399,
        0.35672407746315005,
        0.3474634110927582,
        0.44775729179382323,
        0.5261267423629761,
        0.608050400018692,
        0.6518334746360779,
        0.34554432630538945,
        0.4193226277828217,
        0.5988979756832122,
        0.5453359127044679,
        0.6962658762931824,
        0.7160957396030426,
        0.7260871708393097,
        0.5906055927276611,
        0.7348427355289459,
        0.7012570440769196,
        0.6773260831832887,
        0.7434504985809326,
        0.7564906895160675,
        0.7545410752296446,
        0.7337015748023987,
        0.7523519575595856
    ]
}