{
    "train_losses": [
        0.008087260257134776,
        0.005466147298112541,
        0.004421759754482919,
        0.0036701185866901596,
        0.0031650615417217,
        0.0027705199947278634,
        0.0025079684523444303,
        0.0022756422154147,
        0.0020949702272238017,
        0.0018916403160034404,
        0.0017465076600214672,
        0.0016083929836031344,
        0.001466118927997342,
        0.001365174395275655,
        0.0013316343621676066
    ],
    "valid_losses": [
        0.006633752491325141,
        0.005140964991024022,
        0.004468507996960718,
        0.0057942897458619705,
        0.0035315417283792285,
        0.0028315399982671765,
        0.0026042790688527158,
        0.002542942727008197,
        0.0024781776194260285,
        0.001920632429308954,
        0.002076592781180162,
        0.0025009872447817197,
        0.0023233886363126237,
        0.002555122562165406,
        0.0014708092004426202
    ],
    "train_accs": [
        0.6117865398293026,
        0.7420985953058314,
        0.7939078058321459,
        0.8318701102418206,
        0.8571746088193465,
        0.8740887268847811,
        0.8869799075391197,
        0.8982596906116662,
        0.9062055476529165,
        0.9159072724039836,
        0.9217749822190622,
        0.9286428698435272,
        0.9341549608819343,
        0.9392780938833564,
        0.9405560988620203
    ],
    "valid_accs": [
        0.6763449371615543,
        0.7595727851119224,
        0.7799248416212545,
        0.7717365509347068,
        0.8364121838460993,
        0.8638449371615539,
        0.8810126585296436,
        0.8820411396931993,
        0.889062500452693,
        0.9112143991868705,
        0.9112737344790107,
        0.883623418174212,
        0.9012262662754786,
        0.8732990509347069,
        0.9336036390896083
    ],
    "test_loss": 0.008197999890207463,
    "test_acc": 0.6986933486503469
}