{
    "train_losses": [
        0.3415072925388813,
        0.26028604134917266,
        0.25262371748685836,
        0.25022892802953717,
        0.23739588856697083,
        0.22262534722685812,
        0.20889794006943696,
        0.1982244700193405,
        0.1559754826128483,
        0.14368920512497427,
        0.14293269794434313,
        0.14580532237887384,
        0.13340914212167262,
        0.14507131855934857,
        0.13075524345040318,
        0.1450690284371376,
        0.13364415504038335,
        0.12547063603997227,
        0.1200363950803876,
        0.13278039786964657,
        0.122296766191721,
        0.12611114121973516,
        0.12241394985467197,
        0.12440561614930634,
        0.11430997382849456,
        0.13005649745464323,
        0.12530433833599092,
        0.12046637684106827,
        0.12388349100947381,
        0.11614768989384175,
        0.11155499406158921,
        0.12407760862261055,
        0.11718927435576917,
        0.11688581332564354,
        0.10753040211275214,
        0.10956632215529677,
        0.12436705399304629,
        0.11270573120564219,
        0.10858227312564848,
        0.115180809609592
    ],
    "valid_losses": [
        0.2915595084428787,
        0.2522621154785156,
        0.24960532039403915,
        0.24933880418539045,
        0.23463248759508132,
        0.23513593375682829,
        0.2391527682542801,
        0.2198700964450836,
        0.2801634013652802,
        0.24911423921585085,
        0.2431462675333023,
        0.23789428919553754,
        0.2431412935256958,
        0.2723602473735809,
        0.2907238632440567,
        0.23261216133832932,
        0.25917729884386065,
        0.24764406979084014,
        0.2662742003798485,
        0.22198406755924227,
        0.2469857022166252,
        0.20898704826831815,
        0.21691441833972933,
        0.24134209007024762,
        0.22097844630479815,
        0.20160639286041263,
        0.19975187033414837,
        0.20407378971576692,
        0.21759704500436783,
        0.21309306025505065,
        0.19312443584203717,
        0.2376304075121879,
        0.198438087105751,
        0.17402693480253223,
        0.19633498638868332,
        0.20572768300771713,
        0.27263115495443346,
        0.19639690816402436,
        0.14880951941013337,
        0.16021475493907927
    ],
    "train_accs": [
        0.0899424910545349,
        0.09957326948642733,
        0.1258717134594917,
        0.13466775119304664,
        0.1803470566868782,
        0.2297052010893822,
        0.27073696404695513,
        0.3108401700854302,
        0.47006604075431824,
        0.5221200510859489,
        0.5211479827761651,
        0.5233897686004638,
        0.5588864371180534,
        0.5210074126720429,
        0.563903133571148,
        0.5218296632170678,
        0.5594931200146676,
        0.5838075682520867,
        0.6054407641291618,
        0.5620265558362006,
        0.5953674539923667,
        0.5873112291097641,
        0.5985394671559334,
        0.5922434076666834,
        0.6254650220274924,
        0.575363890826702,
        0.5873393490910531,
        0.6031623169779777,
        0.5930911004543304,
        0.6224449664354323,
        0.6337602689862252,
        0.5983078271150589,
        0.6163535282015801,
        0.61692413687706,
        0.649731208384037,
        0.6448883429169656,
        0.5934772089123725,
        0.6332482501864433,
        0.6438159346580505,
        0.6246163710951803
    ],
    "valid_accs": [
        0.06750044822692872,
        0.18227604031562802,
        0.1941920816898346,
        0.20376917123794558,
        0.26727027297019956,
        0.2563261568546295,
        0.22804613113403321,
        0.2873283326625824,
        0.12358894944190979,
        0.18839855790138246,
        0.23527657985687256,
        0.24459149241447445,
        0.2222773969173431,
        0.13599663972854614,
        0.10567940473556518,
        0.26336202025413513,
        0.18273815512657166,
        0.2263783752918243,
        0.18044263124465942,
        0.29181453585624695,
        0.23840076327323914,
        0.3490136623382568,
        0.32515800595283506,
        0.263627701997757,
        0.3202060043811798,
        0.3649321258068085,
        0.3823057115077973,
        0.38098152875900265,
        0.3455213010311126,
        0.3495952069759369,
        0.4062277317047119,
        0.2847184896469116,
        0.3967613458633423,
        0.4772141993045807,
        0.416821026802063,
        0.39125887751579286,
        0.19499310255050661,
        0.39530768394470217,
        0.5433480322360992,
        0.5262743473052979
    ]
}