{
    "train_losses": [
        0.35466370508074746,
        0.2657636374235153,
        0.24998508058488367,
        0.24637793153524398,
        0.24147901460528373,
        0.2403587549924851,
        0.23882660381495946,
        0.23624165542423717,
        0.2361148487776518,
        0.2353860393166542,
        0.23569003380835057,
        0.23519711643457414,
        0.23408225364983082,
        0.23404986113309856,
        0.23376427032053468,
        0.2330352537333965,
        0.23247696198523046,
        0.23238031528890132,
        0.23237308710813528,
        0.23262080401182175,
        0.23081776201725007,
        0.2314985439181328,
        0.2298344478011131,
        0.23226690255105495,
        0.23064082637429234,
        0.22759618051350117,
        0.2241839896887541,
        0.22132249288260944,
        0.20719866678118704,
        0.19518583118915558,
        0.18476361371576785,
        0.1803225204348564,
        0.1635631032288075,
        0.1523464184254408,
        0.1441881868988276,
        0.13622151743620636,
        0.12857104521244764,
        0.11925441212952134,
        0.11812822353094816,
        0.11095416657626628
    ],
    "valid_losses": [
        0.2848872452974319,
        0.24991614073514942,
        0.24543990939855576,
        0.23718663901090623,
        0.23533724546432494,
        0.23454723656177517,
        0.23184716850519185,
        0.23177458643913268,
        0.23109218180179597,
        0.23136074841022494,
        0.2310848355293274,
        0.23197572827339172,
        0.2303304955363273,
        0.23039843738079072,
        0.23174705058336256,
        0.23032783865928652,
        0.23794717639684676,
        0.22856997251510622,
        0.22945624440908433,
        0.23011678159236906,
        0.23209864646196365,
        0.22826285213232042,
        0.22771657705307008,
        0.22988961040973663,
        0.22587576359510422,
        0.22556945383548735,
        0.21150292158126832,
        0.20854201912879947,
        0.2016976460814476,
        0.18861325532197953,
        0.1850687757134438,
        0.16693894565105438,
        0.15458731353282928,
        0.14454658776521684,
        0.13720287010073662,
        0.13258434981107714,
        0.1310336858034134,
        0.12137960791587832,
        0.11416817381978034,
        0.113143989443779
    ],
    "train_accs": [
        0.17491613030433653,
        0.1773537382483482,
        0.21842617988586427,
        0.23199506998062128,
        0.25325038880109785,
        0.26388268023729317,
        0.2730733692646027,
        0.28116363137960443,
        0.2833863839507103,
        0.2846463859081268,
        0.28971988260746007,
        0.28447905927896505,
        0.29134592264890674,
        0.2914285570383072,
        0.29746217727661134,
        0.29470141828060153,
        0.29792563617229467,
        0.2958338245749474,
        0.2942225724458694,
        0.2961662903428078,
        0.3000551834702492,
        0.30153564661741256,
        0.3001880586147308,
        0.2977822035551071,
        0.3014099448919296,
        0.3118505969643593,
        0.3270564943552018,
        0.3362940922379493,
        0.37844453454017646,
        0.4209018081426621,
        0.45286305099725704,
        0.46815066784620296,
        0.5211386442184448,
        0.5551769003272056,
        0.5800266191363335,
        0.6051648199558257,
        0.6299270629882813,
        0.6613777264952659,
        0.6611399129033089,
        0.6875694662332535
    ],
    "valid_accs": [
        0.1532259702682495,
        0.2141632914543152,
        0.22884505391120913,
        0.2605631470680237,
        0.26618521809577944,
        0.28457884192466737,
        0.2990566790103912,
        0.2903382301330566,
        0.3038065969944,
        0.29872696399688725,
        0.2973417639732361,
        0.2913051724433899,
        0.30588182210922243,
        0.309792822599411,
        0.2911713242530823,
        0.30626777410507205,
        0.3025225460529328,
        0.30532753467559814,
        0.30679967999458313,
        0.2973399758338929,
        0.31147049069404603,
        0.3092195689678192,
        0.3116065740585327,
        0.2989575743675232,
        0.32630522847175597,
        0.32660149931907656,
        0.3564336597919464,
        0.3761543750762939,
        0.3933378875255584,
        0.4188877880573273,
        0.4799711644649506,
        0.5037064969539642,
        0.5361798524856567,
        0.5780518174171447,
        0.5861091196537018,
        0.6048664748668671,
        0.6104645013809203,
        0.6510440289974213,
        0.6673002362251282,
        0.6725839853286742
    ]
}