{
    "train_losses": [
        0.334182783216238,
        0.24889248348772527,
        0.24671104215085507,
        0.24574410207569602,
        0.24328577592968936,
        0.2406977113336325,
        0.23948347307741644,
        0.23542368300259117,
        0.21833214797079564,
        0.2364012997597456,
        0.24426614306867123,
        0.23791601844131946,
        0.23521770983934395,
        0.2143983971327543,
        0.19814914166927336,
        0.308397325873375,
        0.2997276756912471,
        0.25219474174082285,
        0.2657383095473051,
        0.3350603070110083,
        0.25073245763778684,
        0.24956407062709338,
        0.2491634737700224,
        0.2460714813321829,
        0.24337117597460745,
        0.2376668807119131,
        0.23590332493185995,
        0.21121663190424442,
        0.16895907223224638,
        0.14861457832157612,
        0.14847118556499483,
        0.1425039002671838,
        0.136683264374733,
        0.1352768685668707,
        0.13192884046584372,
        0.13367638140916827,
        0.13015784509479997,
        0.13033971823751925,
        0.12942999564111238,
        0.1432941474020481
    ],
    "valid_losses": [
        0.24883086532354354,
        0.24550961256027223,
        0.2466236919164658,
        0.2442221030592918,
        0.24000706076622008,
        0.23772429972887038,
        0.23596580326557162,
        0.22872145175933836,
        0.23356236964464192,
        0.24530704915523527,
        0.24052771925926208,
        0.2393892630934715,
        0.22071180343627927,
        0.22119187861680986,
        0.1412450134754181,
        0.2513242200016976,
        0.24965603947639467,
        0.24873835891485213,
        0.256034392118454,
        0.24952313303947446,
        0.2482142686843872,
        0.2477383017539978,
        0.24647507220506668,
        0.2453969568014145,
        0.2416157826781273,
        0.23220414668321607,
        0.22406309396028518,
        0.17678975909948347,
        0.14828083068132403,
        0.15636020600795747,
        0.14330295324325562,
        0.13777290955185892,
        0.13534206375479696,
        0.13437483757734298,
        0.13221086487174033,
        0.12887272909283637,
        0.1311524361371994,
        0.13358467817306519,
        0.14016018211841583,
        0.129563008248806
    ],
    "train_accs": [
        0.1733768373727798,
        0.21331962645053862,
        0.2158839643001556,
        0.22717741429805755,
        0.22588107585906986,
        0.2386435240507125,
        0.24316124767065045,
        0.2535131677985191,
        0.29597434550523766,
        0.28989193886518466,
        0.22648789286613463,
        0.24452391266822812,
        0.26128316819667813,
        0.3147157967090606,
        0.3978506714105607,
        0.22558800429105755,
        0.17856419682502747,
        0.2059183523058892,
        0.1996936202049255,
        0.15363126546144484,
        0.20516937375068664,
        0.21064067929983138,
        0.21232376098632816,
        0.21751917004585272,
        0.227226522564888,
        0.24540018886327744,
        0.24770075380802153,
        0.32525760382413865,
        0.4802250683307648,
        0.5684762313961984,
        0.5683025792241096,
        0.5947622686624526,
        0.6131118044257164,
        0.6176954895257948,
        0.6253268137574195,
        0.6205925002694131,
        0.6299901887774467,
        0.6290730103850365,
        0.6357224375009537,
        0.6116032436490059
    ],
    "valid_accs": [
        0.20799336433410645,
        0.2141331434249878,
        0.2477564334869385,
        0.25110180377960206,
        0.228671932220459,
        0.25500696897506714,
        0.23595855236053465,
        0.27289408445358276,
        0.23618120551109317,
        0.20586503744125367,
        0.25628578662872314,
        0.2851260840892792,
        0.295774132013321,
        0.3189786791801453,
        0.5563890039920807,
        0.20333160161972044,
        0.2027001917362213,
        0.2094215393066406,
        0.24529849290847777,
        0.22551614046096805,
        0.22127336859703062,
        0.21908733248710632,
        0.22511292695999147,
        0.2476881444454193,
        0.2646600902080536,
        0.2794434607028961,
        0.2735491096973419,
        0.4384053349494935,
        0.5522501409053802,
        0.546106892824173,
        0.5865918099880219,
        0.6107145369052888,
        0.620769202709198,
        0.6174554944038392,
        0.6206036925315856,
        0.6339179158210755,
        0.6249457716941833,
        0.6204408168792724,
        0.6038682639598847,
        0.6185972929000856
    ]
}